Workbook

Sheet Ladder
A1: Level | B1: Plan step | C1: What was added | D1: Keys in play (count) | E1: Chord groups available | F1: Chunk | G1: Chords added in this chunk | H1: Keys in play | I1: Chords in play (count) | J1: Question pool (keys × chords)
A2: 1 | B2: – | C2: Start | D2: 1 | E2: 1 | F2: =MAX(E$2:E2) -> 1 | G2: =INDEX(Groups!$B$2:$B$14,F2) -> I, IV, V, V7 | H2: C | I2: =SUMPRODUCT((Groups!$A$2:$A$14<=E2)*Groups!$C$2:$C$14) -> 4 | J2: =D2*I2 -> 4
A3: 2 | B3: 1 | C3: New key: D | D3: 2 | E3: 1 | F3: =MAX(E$2:E3) -> 1 | G3: =INDEX(Groups!$B$2:$B$14,F3) -> I, IV, V, V7 | H3: C, D | I3: =SUMPRODUCT((Groups!$A$2:$A$14<=E3)*Groups!$C$2:$C$14) -> 4 | J3: =D3*I3 -> 8
A4: 3 | B4: 2 | C4: New key: G | D4: 3 | E4: 1 | F4: =MAX(E$2:E4) -> 1 | G4: =INDEX(Groups!$B$2:$B$14,F4) -> I, IV, V, V7 | H4: C, D, G | I4: =SUMPRODUCT((Groups!$A$2:$A$14<=E4)*Groups!$C$2:$C$14) -> 4 | J4: =D4*I4 -> 12
A5: 4 | B5: 3 | C5: New key: A | D5: 4 | E5: 1 | F5: =MAX(E$2:E5) -> 1 | G5: =INDEX(Groups!$B$2:$B$14,F5) -> I, IV, V, V7 | H5: C, D, G, A | I5: =SUMPRODUCT((Groups!$A$2:$A$14<=E5)*Groups!$C$2:$C$14) -> 4 | J5: =D5*I5 -> 16
A6: 5 | B6: 4 | C6: New key: F | D6: 5 | E6: 1 | F6: =MAX(E$2:E6) -> 1 | G6: =INDEX(Groups!$B$2:$B$14,F6) -> I, IV, V, V7 | H6: C, D, G, A, F | I6: =SUMPRODUCT((Groups!$A$2:$A$14<=E6)*Groups!$C$2:$C$14) -> 4 | J6: =D6*I6 -> 20
A7: 6 | B7: 5 | C7: New chords: group 2 (keys reset to C D, climbing back) | D7: 2 | E7: 2 | F7: =MAX(E$2:E7) -> 2 | G7: =INDEX(Groups!$B$2:$B$14,F7) -> vi, ii | H7: C, D | I7: =SUMPRODUCT((Groups!$A$2:$A$14<=E7)*Groups!$C$2:$C$14) -> 6 | J7: =D7*I7 -> 12
A8: 7 | B8: 5 | C8: New chords: group 2 (keys reset to C D, climbing back) | D8: 3 | E8: 2 | F8: =MAX(E$2:E8) -> 2 | G8: =INDEX(Groups!$B$2:$B$14,F8) -> vi, ii | H8: C, D, G | I8: =SUMPRODUCT((Groups!$A$2:$A$14<=E8)*Groups!$C$2:$C$14) -> 6 | J8: =D8*I8 -> 18
A9: 8 | B9: 5 | C9: New chords: group 2 (keys reset to C D, climbing back) | D9: 4 | E9: 2 | F9: =MAX(E$2:E9) -> 2 | G9: =INDEX(Groups!$B$2:$B$14,F9) -> vi, ii | H9: C, D, G, A | I9: =SUMPRODUCT((Groups!$A$2:$A$14<=E9)*Groups!$C$2:$C$14) -> 6 | J9: =D9*I9 -> 24
A10: 9 | B10: 5 | C10: New chords: group 2 (keys reset to C D, climbing back) | D10: 5 | E10: 2 | F10: =MAX(E$2:E10) -> 2 | G10: =INDEX(Groups!$B$2:$B$14,F10) -> vi, ii | H10: C, D, G, A, F | I10: =SUMPRODUCT((Groups!$A$2:$A$14<=E10)*Groups!$C$2:$C$14) -> 6 | J10: =D10*I10 -> 30
A11: 10 | B11: 6 | C11: New key: D♭ (chords rebuild) | D11: 6 | E11: 1 | F11: =MAX(E$2:E11) -> 2 | G11: =INDEX(Groups!$B$2:$B$14,F11) -> vi, ii | H11: C, D, G, A, F, D♭ | I11: =SUMPRODUCT((Groups!$A$2:$A$14<=E11)*Groups!$C$2:$C$14) -> 4 | J11: =D11*I11 -> 24
A12: 11 | B12: 6 | C12: New key: D♭ (chords rebuild) | D12: 6 | E12: 2 | F12: =MAX(E$2:E12) -> 2 | G12: =INDEX(Groups!$B$2:$B$14,F12) -> vi, ii | H12: C, D, G, A, F, D♭ | I12: =SUMPRODUCT((Groups!$A$2:$A$14<=E12)*Groups!$C$2:$C$14) -> 6 | J12: =D12*I12 -> 36
A13: 12 | B13: 7 | C13: New key: B♭ (chords rebuild) | D13: 7 | E13: 1 | F13: =MAX(E$2:E13) -> 2 | G13: =INDEX(Groups!$B$2:$B$14,F13) -> vi, ii | H13: C, D, G, A, F, D♭, B♭ | I13: =SUMPRODUCT((Groups!$A$2:$A$14<=E13)*Groups!$C$2:$C$14) -> 4 | J13: =D13*I13 -> 28
A14: 13 | B14: 7 | C14: New key: B♭ (chords rebuild) | D14: 7 | E14: 2 | F14: =MAX(E$2:E14) -> 2 | G14: =INDEX(Groups!$B$2:$B$14,F14) -> vi, ii | H14: C, D, G, A, F, D♭, B♭ | I14: =SUMPRODUCT((Groups!$A$2:$A$14<=E14)*Groups!$C$2:$C$14) -> 6 | J14: =D14*I14 -> 42
... A145: 144 | B145: 23 | C145: New chords: group 13 (keys reset to C D, climbing back) | D145: 12 | E145: 13 | F145: =MAX(E$2:E145) -> 13 | G145: =INDEX(Groups!$B$2:$B$14,F145) -> 9th: vi, ii, iii, vii° | H145: C, D, G, A, F, D♭, B♭, E♭, E, A♭, B, F♯/G♭ | I145: =SUMPRODUCT((Groups!$A$2:$A$14<=E145)*Groups!$C$2:$C$14) -> 42 | J145: =D145*I145 -> 504

Sheet Groups
A1: Group / chunk | B1: Chords | C1: Chord count
A2: 1 | B2: I, IV, V, V7 | C2: 4
A3: 2 | B3: vi, ii | C3: 2
A4: 3 | B4: I7, IV7, ii7, vi7 | C4: 4
A5: 4 | B5: iii, vii° | C5: 2
A6: 5 | B6: iii7, vii°7 | C6: 2
A7: 6 | B7: sus4: I, V, IV | C7: 3
A8: 7 | B8: sus4: vi, ii, iii, vii° | C8: 4
A9: 8 | B9: sus2: I, V, IV | C9: 3
A10: 9 | B10: sus2: vi, ii, iii, vii° | C10: 4
A11: 10 | B11: add9: I, V, IV | C11: 3
A12: 11 | B12: add9: vi, ii, iii, vii° | C12: 4
A13: 12 | B13: 9th: I, V, IV | C13: 3
A14: 13 | B14: 9th: vi, ii, iii, vii° | C14: 4

Sheet Keys
A1: Order | B1: Key (major)
A2: 1 | B2: C
A3: 2 | B3: D
A4: 3 | B4: G
A5: 4 | B5: A
A6: 5 | B6: F
A7: 6 | B7: D♭
A8: 7 | B8: B♭
A9: 8 | B9: E♭
A10: 9 | B10: E
A11: 10 | B11: A♭
A12: 11 | B12: B
A13: 12 | B13: F♯/G♭

Sheet Plan
A1: Step | B1: Adds | C1: First level | D1: Last level
A2: start | B2: Key C, group 1 (I IV V V7) | C2: 1 | D2: 1
A3: 1 | B3: Key D | C3: 2 | D3: 2
A4: 2 | B4: Key G | C4: 3 | D4: 3
A5: 3 | B5: Key A | C5: 4 | D5: 4
A6: 4 | B6: Key F | C6: 5 | D6: 5
A7: 5 | B7: Group 2 (vi, ii) | C7: 6 | D7: 9
A8: 6 | B8: Key D♭ | C8: 10 | D8: 11
A9: 7 | B9: Key B♭ | C9: 12 | D9: 13
A10: 8 | B10: Key E♭ | C10: 14 | D10: 15
A11: 9 | B11: Group 3 (I7 IV7 ii7 vi7) | C11: 16 | D11: 22
A12: 10 | B12: Key E | C12: 23 | D12: 25
A13: 11 | B13: Key A♭ | C13: 26 | D13: 28
A14: 12 | B14: Group 4 (iii, vii°) | C14: 29 | D14: 37
... A25: 23 | B25: Group 13 (9th: vi, ii, iii, vii°) | C25: 134 | D25: 144
A28: Notes
A29: A chunk is the highest chord group introduced so far; it never goes down, even when a new key temporarily limits the available chord groups.
A30: Major, Pop ladder (Jazz adds four more chord groups: 11th and 13th chords, 188 levels). Minor uses the relative minors of the same keys.
A31: A new chord group sends the keys back to C and D, which then return one at a time up to the keys already known.
A32: A new key, once group 2 or later is in, sends the chords back to group 1, which then return one group at a time.
A33: Source: ladder() in js/findchord.js, generated from the app code.
