Workbook

Sheet Coverage
A1: Rough coverage by chunk (major mode; minor uses the relative minors)
A2: Song-level exponent (typical number of independent chances for a song to use a chord outside the set): | H2: Pop | I2: 5 | J2: Jazz | K2: 6
A3: A song needs all of its chords, so the estimate is (chord-use coverage) ^ exponent × key coverage. Higher exponent = harsher.
A5: Chunk | B5: Levels | C5: Keys available at chunk end | D5: Chords added in this chunk | E5: Pop: chord use added | F5: Pop: chord use, cumulative | G5: Pop: key coverage, cumulative | H5: Pop: songs playable, cumulative | I5: Pop: songs added by this chunk | J5: Jazz: chord use added | K5: Jazz: chord use, cumulative | L5: Jazz: key coverage, cumulative | M5: Jazz: songs playable, cumulative | N5: Jazz: songs added by this chunk
A6: 1 | B6: 1–5 | C6: 5 | D6: =INDEX('Chord shares'!$B$2:$B$18,A6) -> I, IV, V, V7 | E6: =INDEX('Chord shares'!$C$2:$C$18,A6) -> 0.62 | F6: =SUMPRODUCT(('Chord shares'!$A$2:$A$18<=A6)*'Chord shares'!$C$2:$C$18) -> 0.62 | G6: =SUMPRODUCT(('Key shares'!$A$2:$A$13<=C6)*'Key shares'!$C$2:$C$13)/'Key shares'!$C$14 -> 0.56852792 | H6: =G6*F6^$I$2 -> 0.052084709 | I6: =H6-0 -> 0.052084709 | J6: =INDEX('Chord shares'!$D$2:$D$18,A6) -> 0.205 | K6: =SUMPRODUCT(('Chord shares'!$A$2:$A$18<=A6)*'Chord shares'!$D$2:$D$18) -> 0.205 | L6: =SUMPRODUCT(('Key shares'!$A$2:$A$13<=C6)*'Key shares'!$D$2:$D$13)/'Key shares'!$D$14 -> 0.48241206 | M6: =L6*K6^$K$2 -> 3.5804806e-05 | N6: =M6-0 -> 3.5804806e-05
A7: 2 | B7: 6–15 | C7: 8 | D7: =INDEX('Chord shares'!$B$2:$B$18,A7) -> vi, ii | E7: =INDEX('Chord shares'!$C$2:$C$18,A7) -> 0.19 | F7: =SUMPRODUCT(('Chord shares'!$A$2:$A$18<=A7)*'Chord shares'!$C$2:$C$18) -> 0.81 | G7: =SUMPRODUCT(('Key shares'!$A$2:$A$13<=C7)*'Key shares'!$C$2:$C$13)/'Key shares'!$C$14 -> 0.76142132 | H7: =G7*F7^$I$2 -> 0.2654912 | I7: =H7-H6 -> 0.21340649 | J7: =INDEX('Chord shares'!$D$2:$D$18,A7) -> 0.01 | K7: =SUMPRODUCT(('Chord shares'!$A$2:$A$18<=A7)*'Chord shares'!$D$2:$D$18) -> 0.215 | L7: =SUMPRODUCT(('Key shares'!$A$2:$A$13<=C7)*'Key shares'!$D$2:$D$13)/'Key shares'!$D$14 -> 0.85929648 | M7: =L7*K7^$K$2 -> 8.4873829e-05 | N7: =M7-M6 -> 4.9069023e-05
A8: 3 | B8: 16–28 | C8: 10 | D8: =INDEX('Chord shares'!$B$2:$B$18,A8) -> I7, IV7, ii7, vi7 | E8: =INDEX('Chord shares'!$C$2:$C$18,A8) -> 0.011 | F8: =SUMPRODUCT(('Chord shares'!$A$2:$A$18<=A8)*'Chord shares'!$C$2:$C$18) -> 0.821 | G8: =SUMPRODUCT(('Key shares'!$A$2:$A$13<=C8)*'Key shares'!$C$2:$C$13)/'Key shares'!$C$14 -> 0.90862944 | H8: =G8*F8^$I$2 -> 0.33892421 | I8: =H8-H7 -> 0.07343301 | J8: =INDEX('Chord shares'!$D$2:$D$18,A8) -> 0.38 | K8: =SUMPRODUCT(('Chord shares'!$A$2:$A$18<=A8)*'Chord shares'!$D$2:$D$18) -> 0.595 | L8: =SUMPRODUCT(('Key shares'!$A$2:$A$13<=C8)*'Key shares'!$D$2:$D$13)/'Key shares'!$D$14 -> 0.96984925 | M8: =L8*K8^$K$2 -> 0.043033436 | N8: =M8-M7 -> 0.042948562
A9: 4 | B9: 29–45 | C9: 12 | D9: =INDEX('Chord shares'!$B$2:$B$18,A9) -> iii, vii° | E9: =INDEX('Chord shares'!$C$2:$C$18,A9) -> 0.035 | F9: =SUMPRODUCT(('Chord shares'!$A$2:$A$18<=A9)*'Chord shares'!$C$2:$C$18) -> 0.856 | G9: =SUMPRODUCT(('Key shares'!$A$2:$A$13<=C9)*'Key shares'!$C$2:$C$13)/'Key shares'!$C$14 -> 1 | H9: =G9*F9^$I$2 -> 0.45958815 | I9: =H9-H8 -> 0.12066394 | J9: =INDEX('Chord shares'!$D$2:$D$18,A9) -> 0.005 | K9: =SUMPRODUCT(('Chord shares'!$A$2:$A$18<=A9)*'Chord shares'!$D$2:$D$18) -> 0.6 | L9: =SUMPRODUCT(('Key shares'!$A$2:$A$13<=C9)*'Key shares'!$D$2:$D$13)/'Key shares'!$D$14 -> 1 | M9: =L9*K9^$K$2 -> 0.046656 | N9: =M9-M8 -> 0.0036225637
A10: 5 | B10: 46–56 | C10: 12 | D10: =INDEX('Chord shares'!$B$2:$B$18,A10) -> iii7, vii°7 | E10: =INDEX('Chord shares'!$C$2:$C$18,A10) -> 0.001 | F10: =SUMPRODUCT(('Chord shares'!$A$2:$A$18<=A10)*'Chord shares'!$C$2:$C$18) -> 0.857 | G10: =SUMPRODUCT(('Key shares'!$A$2:$A$13<=C10)*'Key shares'!$C$2:$C$13)/'Key shares'!$C$14 -> 1 | H10: =G10*F10^$I$2 -> 0.46227894 | I10: =H10-H9 -> 0.0026907898 | J10: =INDEX('Chord shares'!$D$2:$D$18,A10) -> 0.06 | K10: =SUMPRODUCT(('Chord shares'!$A$2:$A$18<=A10)*'Chord shares'!$D$2:$D$18) -> 0.66 | L10: =SUMPRODUCT(('Key shares'!$A$2:$A$13<=C10)*'Key shares'!$D$2:$D$13)/'Key shares'!$D$14 -> 1 | M10: =L10*K10^$K$2 -> 0.08265395 | N10: =M10-M9 -> 0.03599795
A11: 6 | B11: 57–67 | C11: 12 | D11: =INDEX('Chord shares'!$B$2:$B$18,A11) -> sus4: I, V, IV | E11: =INDEX('Chord shares'!$C$2:$C$18,A11) -> 0.007 | F11: =SUMPRODUCT(('Chord shares'!$A$2:$A$18<=A11)*'Chord shares'!$C$2:$C$18) -> 0.864 | G11: =SUMPRODUCT(('Key shares'!$A$2:$A$13<=C11)*'Key shares'!$C$2:$C$13)/'Key shares'!$C$14 -> 1 | H11: =G11*F11^$I$2 -> 0.48146942 | I11: =H11-H10 -> 0.019190483 | J11: =INDEX('Chord shares'!$D$2:$D$18,A11) -> 0.005 | K11: =SUMPRODUCT(('Chord shares'!$A$2:$A$18<=A11)*'Chord shares'!$D$2:$D$18) -> 0.665 | L11: =SUMPRODUCT(('Key shares'!$A$2:$A$13<=C11)*'Key shares'!$D$2:$D$13)/'Key shares'!$D$14 -> 1 | M11: =L11*K11^$K$2 -> 0.086482826 | N11: =M11-M10 -> 0.0038288758
A12: 7 | B12: 68–78 | C12: 12 | D12: =INDEX('Chord shares'!$B$2:$B$18,A12) -> sus4: vi, ii, iii, vii° | E12: =INDEX('Chord shares'!$C$2:$C$18,A12) -> 0.002 | F12: =SUMPRODUCT(('Chord shares'!$A$2:$A$18<=A12)*'Chord shares'!$C$2:$C$18) -> 0.866 | G12: =SUMPRODUCT(('Key shares'!$A$2:$A$13<=C12)*'Key shares'!$C$2:$C$13)/'Key shares'!$C$14 -> 1 | H12: =G12*F12^$I$2 -> 0.48706785 | I12: =H12-H11 -> 0.0055984215 | J12: =INDEX('Chord shares'!$D$2:$D$18,A12) -> 0.004 | K12: =SUMPRODUCT(('Chord shares'!$A$2:$A$18<=A12)*'Chord shares'!$D$2:$D$18) -> 0.669 | L12: =SUMPRODUCT(('Key shares'!$A$2:$A$13<=C12)*'Key shares'!$D$2:$D$13)/'Key shares'!$D$14 -> 1 | M12: =L12*K12^$K$2 -> 0.089651324 | N12: =M12-M11 -> 0.0031684979
A13: 8 | B13: 79–89 | C13: 12 | D13: =INDEX('Chord shares'!$B$2:$B$18,A13) -> sus2: I, V, IV | E13: =INDEX('Chord shares'!$C$2:$C$18,A13) -> 0.005 | F13: =SUMPRODUCT(('Chord shares'!$A$2:$A$18<=A13)*'Chord shares'!$C$2:$C$18) -> 0.871 | G13: =SUMPRODUCT(('Key shares'!$A$2:$A$13<=C13)*'Key shares'!$C$2:$C$13)/'Key shares'!$C$14 -> 1 | H13: =G13*F13^$I$2 -> 0.501292 | I13: =H13-H12 -> 0.014224156 | J13: =INDEX('Chord shares'!$D$2:$D$18,A13) -> 0.003 | K13: =SUMPRODUCT(('Chord shares'!$A$2:$A$18<=A13)*'Chord shares'!$D$2:$D$18) -> 0.672 | L13: =SUMPRODUCT(('Key shares'!$A$2:$A$13<=C13)*'Key shares'!$D$2:$D$13)/'Key shares'!$D$14 -> 1 | M13: =L13*K13^$K$2 -> 0.092090671 | N13: =M13-M12 -> 0.0024393474
A14: 9 | B14: 90–100 | C14: 12 | D14: =INDEX('Chord shares'!$B$2:$B$18,A14) -> sus2: vi, ii, iii, vii° | E14: =INDEX('Chord shares'!$C$2:$C$18,A14) -> 0.002 | F14: =SUMPRODUCT(('Chord shares'!$A$2:$A$18<=A14)*'Chord shares'!$C$2:$C$18) -> 0.873 | G14: =SUMPRODUCT(('Key shares'!$A$2:$A$13<=C14)*'Key shares'!$C$2:$C$13)/'Key shares'!$C$14 -> 1 | H14: =G14*F14^$I$2 -> 0.50707385 | I14: =H14-H13 -> 0.0057818535 | J14: =INDEX('Chord shares'!$D$2:$D$18,A14) -> 0.002 | K14: =SUMPRODUCT(('Chord shares'!$A$2:$A$18<=A14)*'Chord shares'!$D$2:$D$18) -> 0.674 | L14: =SUMPRODUCT(('Key shares'!$A$2:$A$13<=C14)*'Key shares'!$D$2:$D$13)/'Key shares'!$D$14 -> 1 | M14: =L14*K14^$K$2 -> 0.093747432 | N14: =M14-M13 -> 0.0016567606
A15: 10 | B15: 101–111 | C15: 12 | D15: =INDEX('Chord shares'!$B$2:$B$18,A15) -> add9: I, V, IV | E15: =INDEX('Chord shares'!$C$2:$C$18,A15) -> 0.006 | F15: =SUMPRODUCT(('Chord shares'!$A$2:$A$18<=A15)*'Chord shares'!$C$2:$C$18) -> 0.879 | G15: =SUMPRODUCT(('Key shares'!$A$2:$A$13<=C15)*'Key shares'!$C$2:$C$13)/'Key shares'!$C$14 -> 1 | H15: =G15*F15^$I$2 -> 0.52474025 | I15: =H15-H14 -> 0.017666392 | J15: =INDEX('Chord shares'!$D$2:$D$18,A15) -> 0.005 | K15: =SUMPRODUCT(('Chord shares'!$A$2:$A$18<=A15)*'Chord shares'!$D$2:$D$18) -> 0.679 | L15: =SUMPRODUCT(('Key shares'!$A$2:$A$13<=C15)*'Key shares'!$D$2:$D$13)/'Key shares'!$D$14 -> 1 | M15: =L15*K15^$K$2 -> 0.097998323 | N15: =M15-M14 -> 0.0042508916
A16: 11 | B16: 112–122 | C16: 12 | D16: =INDEX('Chord shares'!$B$2:$B$18,A16) -> add9: vi, ii, iii, vii° | E16: =INDEX('Chord shares'!$C$2:$C$18,A16) -> 0.002 | F16: =SUMPRODUCT(('Chord shares'!$A$2:$A$18<=A16)*'Chord shares'!$C$2:$C$18) -> 0.881 | G16: =SUMPRODUCT(('Key shares'!$A$2:$A$13<=C16)*'Key shares'!$C$2:$C$13)/'Key shares'!$C$14 -> 1 | H16: =G16*F16^$I$2 -> 0.53073722 | I16: =H16-H15 -> 0.0059969691 | J16: =INDEX('Chord shares'!$D$2:$D$18,A16) -> 0.004 | K16: =SUMPRODUCT(('Chord shares'!$A$2:$A$18<=A16)*'Chord shares'!$D$2:$D$18) -> 0.683 | L16: =SUMPRODUCT(('Key shares'!$A$2:$A$13<=C16)*'Key shares'!$D$2:$D$13)/'Key shares'!$D$14 -> 1 | M16: =L16*K16^$K$2 -> 0.1015136 | N16: =M16-M15 -> 0.0035152749
A17: 12 | B17: 123–133 | C17: 12 | D17: =INDEX('Chord shares'!$B$2:$B$18,A17) -> 9th: I, V, IV | E17: =INDEX('Chord shares'!$C$2:$C$18,A17) -> 0.003 | F17: =SUMPRODUCT(('Chord shares'!$A$2:$A$18<=A17)*'Chord shares'!$C$2:$C$18) -> 0.884 | G17: =SUMPRODUCT(('Key shares'!$A$2:$A$13<=C17)*'Key shares'!$C$2:$C$13)/'Key shares'!$C$14 -> 1 | H17: =G17*F17^$I$2 -> 0.53983536 | I17: =H17-H16 -> 0.0090981402 | J17: =INDEX('Chord shares'!$D$2:$D$18,A17) -> 0.01 | K17: =SUMPRODUCT(('Chord shares'!$A$2:$A$18<=A17)*'Chord shares'!$D$2:$D$18) -> 0.693 | L17: =SUMPRODUCT(('Key shares'!$A$2:$A$13<=C17)*'Key shares'!$D$2:$D$13)/'Key shares'!$D$14 -> 1 | M17: =L17*K17^$K$2 -> 0.1107642 | N17: =M17-M16 -> 0.0092505998
A18: 13 | B18: 134–144 | C18: 12 | D18: =INDEX('Chord shares'!$B$2:$B$18,A18) -> 9th: vi, ii, iii, vii° | E18: =INDEX('Chord shares'!$C$2:$C$18,A18) -> 0.001 | F18: =SUMPRODUCT(('Chord shares'!$A$2:$A$18<=A18)*'Chord shares'!$C$2:$C$18) -> 0.885 | G18: =SUMPRODUCT(('Key shares'!$A$2:$A$13<=C18)*'Key shares'!$C$2:$C$13)/'Key shares'!$C$14 -> 1 | H18: =G18*F18^$I$2 -> 0.54289564 | I18: =H18-H17 -> 0.0030602833 | J18: =INDEX('Chord shares'!$D$2:$D$18,A18) -> 0.007 | K18: =SUMPRODUCT(('Chord shares'!$A$2:$A$18<=A18)*'Chord shares'!$D$2:$D$18) -> 0.7 | L18: =SUMPRODUCT(('Key shares'!$A$2:$A$13<=C18)*'Key shares'!$D$2:$D$13)/'Key shares'!$D$14 -> 1 | M18: =L18*K18^$K$2 -> 0.117649 | N18: =M18-M17 -> 0.0068848019
A19: 14 | B19: 145–155 | C19: 12 | D19: =INDEX('Chord shares'!$B$2:$B$18,A19) -> 11th: I, V, IV (Jazz only) | E19: – | F19: – | G19: – | H19: – | I19: – | J19: =INDEX('Chord shares'!$D$2:$D$18,A19) -> 0.001 | K19: =SUMPRODUCT(('Chord shares'!$A$2:$A$18<=A19)*'Chord shares'!$D$2:$D$18) -> 0.701 | L19: =SUMPRODUCT(('Key shares'!$A$2:$A$13<=C19)*'Key shares'!$D$2:$D$13)/'Key shares'!$D$14 -> 1 | M19: =L19*K19^$K$2 -> 0.11866103 | N19: =M19-M18 -> 0.0010120284
A20: 15 | B20: 156–166 | C20: 12 | D20: =INDEX('Chord shares'!$B$2:$B$18,A20) -> 11th: vi, ii, iii, vii° (Jazz only) | E20: – | F20: – | G20: – | H20: – | I20: – | J20: =INDEX('Chord shares'!$D$2:$D$18,A20) -> 0.001 | K20: =SUMPRODUCT(('Chord shares'!$A$2:$A$18<=A20)*'Chord shares'!$D$2:$D$18) -> 0.702 | L20: =SUMPRODUCT(('Key shares'!$A$2:$A$13<=C20)*'Key shares'!$D$2:$D$13)/'Key shares'!$D$14 -> 1 | M20: =L20*K20^$K$2 -> 0.1196803 | N20: =M20-M19 -> 0.0010192726
A21: 16 | B21: 167–177 | C21: 12 | D21: =INDEX('Chord shares'!$B$2:$B$18,A21) -> 13th: I, V, IV (Jazz only) | E21: – | F21: – | G21: – | H21: – | I21: – | J21: =INDEX('Chord shares'!$D$2:$D$18,A21) -> 0.001 | K21: =SUMPRODUCT(('Chord shares'!$A$2:$A$18<=A21)*'Chord shares'!$D$2:$D$18) -> 0.703 | L21: =SUMPRODUCT(('Key shares'!$A$2:$A$13<=C21)*'Key shares'!$D$2:$D$13)/'Key shares'!$D$14 -> 1 | M21: =L21*K21^$K$2 -> 0.12070686 | N21: =M21-M20 -> 0.0010265583
A22: 17 | B22: 178–188 | C22: 12 | D22: =INDEX('Chord shares'!$B$2:$B$18,A22) -> 13th: vi, ii, iii, vii° (Jazz only) | E22: – | F22: – | G22: – | H22: – | I22: – | J22: =INDEX('Chord shares'!$D$2:$D$18,A22) -> 0.001 | K22: =SUMPRODUCT(('Chord shares'!$A$2:$A$18<=A22)*'Chord shares'!$D$2:$D$18) -> 0.704 | L22: =SUMPRODUCT(('Key shares'!$A$2:$A$13<=C22)*'Key shares'!$D$2:$D$13)/'Key shares'!$D$14 -> 1 | M22: =L22*K22^$K$2 -> 0.12174074 | N22: =M22-M21 -> 0.0010338856
A24: How to read this
A25: A chunk is the highest chord group introduced so far. Coverage is measured at the END of each chunk, when every chunk up to it and every key introduced so far is in play (keys available is the key count on the last level of the chunk).
A26: Chord use = share of all chords played in that genre that belong to the set (including the chunk and all earlier ones). It is not a share of songs: a song is only playable if all of its chords are in the set.
A27: Songs playable = key coverage × chord-use coverage ^ exponent (inputs at the top, editable). The exponent is a crude stand-in for how many chances a song has to wander outside the set; Pop 5 and Jazz 6 are guesses.
A28: The ceiling is below 100% because the app only asks about diatonic chords: Pop tops out near 90% chord use, Jazz near 70% (secondary dominants, diminished and chromatic chords are never asked).
A29: Everything here is a rough estimate built on the earlier rough estimates, not measured data. Edit the blue cells on the Chord shares and Key shares sheets and the Coverage sheet recalculates.

Sheet Chord shares
A1: Group (= chunk) | B1: Chords added | C1: Pop % of chord use | D1: Jazz % of chord use
A2: 1 | B2: I, IV, V, V7 | C2: 0.62 | D2: 0.205
A3: 2 | B3: vi, ii | C3: 0.19 | D3: 0.01
A4: 3 | B4: I7, IV7, ii7, vi7 | C4: 0.011 | D4: 0.38
A5: 4 | B5: iii, vii° | C5: 0.035 | D5: 0.005
A6: 5 | B6: iii7, vii°7 | C6: 0.001 | D6: 0.06
A7: 6 | B7: sus4: I, V, IV | C7: 0.007 | D7: 0.005
A8: 7 | B8: sus4: vi, ii, iii, vii° | C8: 0.002 | D8: 0.004
A9: 8 | B9: sus2: I, V, IV | C9: 0.005 | D9: 0.003
A10: 9 | B10: sus2: vi, ii, iii, vii° | C10: 0.002 | D10: 0.002
A11: 10 | B11: add9: I, V, IV | C11: 0.006 | D11: 0.005
A12: 11 | B12: add9: vi, ii, iii, vii° | C12: 0.002 | D12: 0.004
A13: 12 | B13: 9th: I, V, IV | C13: 0.003 | D13: 0.01
... A18: 17 | B18: 13th: vi, ii, iii, vii° (Jazz only) | C18: 0 | D18: 0.001
A19: – | B19: Not in the app (chromatic, borrowed, secondary dominants, etc.) | C19: =1-SUM(C2:C18) -> 0.115 | D19: =1-SUM(D2:D18) -> 0.296
B20: Total | C20: =SUM(C2:C19) -> 1 | D20: =SUM(D2:D19) -> 1
A22: Blue figures are rough estimates and can be edited. Pop and Jazz chord-use figures start from the earlier chord-frequency table (Roman numerals, Pop vs Jazz); chords that table listed that the app never asks about (bVII, bVI, iv, bIII, II, secondary dominants, dim7, tritone subs, minor ii-V and so on) fall in the "Not in the app" row. Sevenths, sus, add9 and 9th shares in Pop, and all the later groups in both, are guesses carved out of the old "Other" rows.

Sheet Key shares
A1: Order joined | B1: Key (major / relative minor) | C1: Pop % of music | D1: Jazz % of music
A2: 1 | B2: C / Am | C2: 0.135 | D2: 0.14
A3: 2 | B3: D / Bm | C3: 0.115 | D3: 0.055
A4: 3 | B4: G / Em | C4: 0.125 | D4: 0.08
A5: 4 | B5: A / F♯m | C5: 0.095 | D5: 0.035
A6: 5 | B6: F / Dm | C6: 0.09 | D6: 0.17
A7: 6 | B7: D♭ / B♭m | C7: 0.055 | D7: 0.045
A8: 7 | B8: B♭ / Gm | C8: 0.07 | D8: 0.19
A9: 8 | B9: E♭ / Cm | C9: 0.065 | D9: 0.14
A10: 9 | B10: E / C♯m | C10: 0.085 | D10: 0.02
A11: 10 | B11: A♭ / Fm | C11: 0.06 | D11: 0.09
A12: 11 | B12: B / G♯m | C12: 0.055 | D12: 0.015
A13: 12 | B13: F♯ / E♭m | C13: 0.035 | D13: 0.015
B14: Total | C14: =SUM(C2:C13) -> 0.985 | D14: =SUM(D2:D13) -> 0.995
A16: Each row adds a major key to its relative minor, from the earlier key-frequency table (Pop and Jazz columns). Those columns summed to 98.5% and 99.5%, so the Coverage sheet divides by the total. Rows are in the order the app introduces the keys.
