Workbook

Sheet By Rank
A1: Rank | B1: Pop key | C1: Pop % | D1: Jazz key | E1: Jazz % | F1: Classical key | G1: Classical %
A2: 1 | B2: C major | C2: 0.09 | D2: B♭ major | E2: 0.14 | F2: C major | G2: 0.095
A3: 2 | B3: G major | C3: 0.08 | D3: F major | E3: 0.12 | F3: D major | G3: 0.095
A4: 3 | B4: D major | C4: 0.075 | D4: C major | E4: 0.11 | F4: G major | G4: 0.085
A5: 4 | B5: A major | C5: 0.065 | D5: E♭ major | E5: 0.1 | F5: F major | G5: 0.06
A6: 5 | B6: E major | C6: 0.055 | D6: G major | E6: 0.06 | F6: B♭ major | G6: 0.06
A7: 6 | B7: F major | C7: 0.055 | D7: A♭ major | E7: 0.06 | F7: E♭ major | G7: 0.06
A8: 7 | B8: D♭ major | C8: 0.045 | D8: G minor | E8: 0.05 | F8: A major | G8: 0.05
A9: 8 | B9: B♭ major | C9: 0.045 | D9: D minor | E9: 0.05 | F9: A minor | G9: 0.05
A10: 9 | B10: A minor | C10: 0.045 | D10: D major | E10: 0.04 | F10: D minor | G10: 0.05
A11: 10 | B11: E minor | C11: 0.045 | D11: C minor | E11: 0.04 | F11: C minor | G11: 0.045
A12: 11 | B12: A♭ major | C12: 0.04 | D12: D♭ major | E12: 0.03 | F12: G minor | G12: 0.045
A13: 12 | B13: E♭ major | C13: 0.04 | D13: F minor | E13: 0.03 | F13: A♭ major | G13: 0.04
... A25: 24 | B25: E♭ minor | C25: 0.01 | D25: G♯ minor | E25: 0.005 | F25: F♯ major | G25: 0.01
A26: Total | C26: =SUM(C2:C25) -> 0.985 | E26: =SUM(E2:E25) -> 0.995 | G26: =SUM(G2:G25) -> 1
A28: Blue percentages are rough estimates (not measurements) and can be edited; the 'By Key' sheet and totals update from them.

Sheet By Key
A1: Key | B1: Mode | C1: Pop % | D1: Jazz % | E1: Classical %
A2: C major | B2: Major | C2: =IFERROR(INDEX('By Rank'!$C$2:$C$25,MATCH($A2,'By Rank'!$B$2:$B$25,0)),0) -> 0.09 | D2: =IFERROR(INDEX('By Rank'!$E$2:$E$25,MATCH($A2,'By Rank'!$D$2:$D$25,0)),0) -> 0.11 | E2: =IFERROR(INDEX('By Rank'!$G$2:$G$25,MATCH($A2,'By Rank'!$F$2:$F$25,0)),0) -> 0.095
A3: D♭ major | B3: Major | C3: =IFERROR(INDEX('By Rank'!$C$2:$C$25,MATCH($A3,'By Rank'!$B$2:$B$25,0)),0) -> 0.045 | D3: =IFERROR(INDEX('By Rank'!$E$2:$E$25,MATCH($A3,'By Rank'!$D$2:$D$25,0)),0) -> 0.03 | E3: =IFERROR(INDEX('By Rank'!$G$2:$G$25,MATCH($A3,'By Rank'!$F$2:$F$25,0)),0) -> 0.02
A4: D major | B4: Major | C4: =IFERROR(INDEX('By Rank'!$C$2:$C$25,MATCH($A4,'By Rank'!$B$2:$B$25,0)),0) -> 0.075 | D4: =IFERROR(INDEX('By Rank'!$E$2:$E$25,MATCH($A4,'By Rank'!$D$2:$D$25,0)),0) -> 0.04 | E4: =IFERROR(INDEX('By Rank'!$G$2:$G$25,MATCH($A4,'By Rank'!$F$2:$F$25,0)),0) -> 0.095
A5: E♭ major | B5: Major | C5: =IFERROR(INDEX('By Rank'!$C$2:$C$25,MATCH($A5,'By Rank'!$B$2:$B$25,0)),0) -> 0.04 | D5: =IFERROR(INDEX('By Rank'!$E$2:$E$25,MATCH($A5,'By Rank'!$D$2:$D$25,0)),0) -> 0.1 | E5: =IFERROR(INDEX('By Rank'!$G$2:$G$25,MATCH($A5,'By Rank'!$F$2:$F$25,0)),0) -> 0.06
A6: E major | B6: Major | C6: =IFERROR(INDEX('By Rank'!$C$2:$C$25,MATCH($A6,'By Rank'!$B$2:$B$25,0)),0) -> 0.055 | D6: =IFERROR(INDEX('By Rank'!$E$2:$E$25,MATCH($A6,'By Rank'!$D$2:$D$25,0)),0) -> 0.015 | E6: =IFERROR(INDEX('By Rank'!$G$2:$G$25,MATCH($A6,'By Rank'!$F$2:$F$25,0)),0) -> 0.035
A7: F major | B7: Major | C7: =IFERROR(INDEX('By Rank'!$C$2:$C$25,MATCH($A7,'By Rank'!$B$2:$B$25,0)),0) -> 0.055 | D7: =IFERROR(INDEX('By Rank'!$E$2:$E$25,MATCH($A7,'By Rank'!$D$2:$D$25,0)),0) -> 0.12 | E7: =IFERROR(INDEX('By Rank'!$G$2:$G$25,MATCH($A7,'By Rank'!$F$2:$F$25,0)),0) -> 0.06
A8: F♯ major | B8: Major | C8: =IFERROR(INDEX('By Rank'!$C$2:$C$25,MATCH($A8,'By Rank'!$B$2:$B$25,0)),0) -> 0.025 | D8: =IFERROR(INDEX('By Rank'!$E$2:$E$25,MATCH($A8,'By Rank'!$D$2:$D$25,0)),0) -> 0.005 | E8: =IFERROR(INDEX('By Rank'!$G$2:$G$25,MATCH($A8,'By Rank'!$F$2:$F$25,0)),0) -> 0.01
A9: G major | B9: Major | C9: =IFERROR(INDEX('By Rank'!$C$2:$C$25,MATCH($A9,'By Rank'!$B$2:$B$25,0)),0) -> 0.08 | D9: =IFERROR(INDEX('By Rank'!$E$2:$E$25,MATCH($A9,'By Rank'!$D$2:$D$25,0)),0) -> 0.06 | E9: =IFERROR(INDEX('By Rank'!$G$2:$G$25,MATCH($A9,'By Rank'!$F$2:$F$25,0)),0) -> 0.085
A10: A♭ major | B10: Major | C10: =IFERROR(INDEX('By Rank'!$C$2:$C$25,MATCH($A10,'By Rank'!$B$2:$B$25,0)),0) -> 0.04 | D10: =IFERROR(INDEX('By Rank'!$E$2:$E$25,MATCH($A10,'By Rank'!$D$2:$D$25,0)),0) -> 0.06 | E10: =IFERROR(INDEX('By Rank'!$G$2:$G$25,MATCH($A10,'By Rank'!$F$2:$F$25,0)),0) -> 0.04
A11: A major | B11: Major | C11: =IFERROR(INDEX('By Rank'!$C$2:$C$25,MATCH($A11,'By Rank'!$B$2:$B$25,0)),0) -> 0.065 | D11: =IFERROR(INDEX('By Rank'!$E$2:$E$25,MATCH($A11,'By Rank'!$D$2:$D$25,0)),0) -> 0.025 | E11: =IFERROR(INDEX('By Rank'!$G$2:$G$25,MATCH($A11,'By Rank'!$F$2:$F$25,0)),0) -> 0.05
A12: B♭ major | B12: Major | C12: =IFERROR(INDEX('By Rank'!$C$2:$C$25,MATCH($A12,'By Rank'!$B$2:$B$25,0)),0) -> 0.045 | D12: =IFERROR(INDEX('By Rank'!$E$2:$E$25,MATCH($A12,'By Rank'!$D$2:$D$25,0)),0) -> 0.14 | E12: =IFERROR(INDEX('By Rank'!$G$2:$G$25,MATCH($A12,'By Rank'!$F$2:$F$25,0)),0) -> 0.06
A13: B major | B13: Major | C13: =IFERROR(INDEX('By Rank'!$C$2:$C$25,MATCH($A13,'By Rank'!$B$2:$B$25,0)),0) -> 0.035 | D13: =IFERROR(INDEX('By Rank'!$E$2:$E$25,MATCH($A13,'By Rank'!$D$2:$D$25,0)),0) -> 0.01 | E13: =IFERROR(INDEX('By Rank'!$G$2:$G$25,MATCH($A13,'By Rank'!$F$2:$F$25,0)),0) -> 0.015
... A25: B minor | B25: Minor | C25: =IFERROR(INDEX('By Rank'!$C$2:$C$25,MATCH($A25,'By Rank'!$B$2:$B$25,0)),0) -> 0.04 | D25: =IFERROR(INDEX('By Rank'!$E$2:$E$25,MATCH($A25,'By Rank'!$D$2:$D$25,0)),0) -> 0.015 | E25: =IFERROR(INDEX('By Rank'!$G$2:$G$25,MATCH($A25,'By Rank'!$F$2:$F$25,0)),0) -> 0.03
A27: Major total | C27: =SUMIF($B$2:$B$25,"Major",C$2:C$25) -> 0.65 | D27: =SUMIF($B$2:$B$25,"Major",D$2:D$25) -> 0.715 | E27: =SUMIF($B$2:$B$25,"Major",E$2:E$25) -> 0.625
A28: Minor total | C28: =SUMIF($B$2:$B$25,"Minor",C$2:C$25) -> 0.335 | D28: =SUMIF($B$2:$B$25,"Minor",D$2:D$25) -> 0.28 | E28: =SUMIF($B$2:$B$25,"Minor",E$2:E$25) -> 0.375
A29: Total | C29: =SUM(C2:C25) -> 0.985 | D29: =SUM(D2:D25) -> 0.995 | E29: =SUM(E2:E25) -> 1

Sheet Notes
A1: About these figures
A2: All percentages are rough estimates, and the lower half of each column is the least reliable.
A3: Enharmonic keys appear under one name each (D♭ major = C♯ major; C♯ minor = D♭ minor; and so on).
A5: Sourced data points (everything else is an estimate)
A6: Pop: C major 9.3% and G major 8.3% of songs on Spotify (whole catalog, not only pop). An older Spotify analysis ranked G major first.
A7: Jazz: Charlie Parker's recordings put C and B♭ at about 23% each (single player; the table scales this to the wider standards repertoire).
A8: Classical: no source found; figures reflect general sense of the repertoire and vary by composer and era.
A10: Sources
A11: https://newindustryfocus.com/articles/what-we-learned-from-anna-s-archive-s-spotify-scrape
A12: https://www.hypebot.com/the-most-popular-keys-of-all-music-on-spotify/
A13: https://www.jazzguitar.be/forum/theory/100762-most-common-keys-jazz-standards.html
